First Name,Last Name,Sex,Date of birth,Job Title
Shelia,Mahoney,Male,2014-01-27,Probation officer
Jo,Rivers,Female,1931-07-26,Dancer
Sheryl,Lowery,Female,2013-11-25,Copy
Whitney,Hooper,Male,2012-11-17,Counselling psychologist
Lindsey,Rice,Female,1923-04-15,Biomedical engineer
Sherry,Caldwell,Male,1917-08-06,Higher education lecturer
Ernest,Hoffman,Male,1984-12-22,Health visitor
Doris,Andersen,Male,2016-12-02,Air broker
Cheryl,Mays,Male,2012-12-16,"Designer, multimedia"
Harry,Mitchell,Male,1953-06-29,Insurance account manager
Casey,Ayala,Male,2020-04-17,"Scientist, water quality"
Sara,Huff,Male,1964-05-21,Metallurgist
Eddie,Barnes,Female,1975-02-27,Dramatherapist
Ralph,Lowe,Female,1938-04-10,"Presenter, broadcasting"
Priscilla,Davis,Male,2014-03-16,"Nurse, mental health"
Carly,Abbott,Female,2007-10-27,Therapeutic radiographer
Nicolas,Mckinney,Male,1951-07-04,Land
Natasha,Macias,Female,1971-10-31,Recruitment consultant
Courtney,Jenkins,Female,1948-01-20,Accounting technician
Perry,Mcmahon,Female,2006-11-24,"Education officer, museum"
Emily,Travis,Male,1933-11-19,Tax inspector
Meghan,Hawkins,Male,1974-08-21,"Engineer, land"
Ernest,Oconnell,Male,1943-06-09,Printmaker
Norman,Walton,Female,1973-06-19,Personnel officer
Roger,Sweeney,Female,2008-09-09,Race relations officer
Ethan,Wu,Male,2018-07-17,Microbiologist
Catherine,Myers,Male,2007-08-22,Industrial buyer
Catherine,Nash,Female,1949-08-03,"Production assistant, radio"
Corey,Delgado,Male,2014-06-05,Agricultural consultant
Hunter,Hahn,Female,1943-02-22,Chief Financial Officer
Dakota,Gomez,Male,1914-11-26,Insurance broker
Nathaniel,Clarke,Female,1910-11-23,Information systems manager
Marco,Reyes,Male,1965-07-28,"Psychologist, sport and exercise"
Todd,Weber,Male,2019-11-30,Ergonomist
Bryan,Vaughn,Male,1964-04-18,Sports therapist
Adrienne,Lambert,Male,2019-06-16,Comptroller
Seth,Hess,Male,1910-02-21,Claims inspector/assessor
Stefanie,Sherman,Male,1966-10-26,Hospital doctor
Kent,Velez,Male,2004-05-23,"Investment banker, corporate"
Angela,Huff,Male,1922-09-16,"Pilot, airline"
Harry,Moore,Female,1951-07-19,Insurance underwriter
Kristopher,Barnes,Male,1950-02-23,"Engineer, mining"
Rachael,Herrera,Male,1927-05-04,Armed forces technical officer
Vincent,Berger,Female,1907-12-16,"Psychologist, educational"
Don,Bolton,Male,1985-12-28,Housing manager/officer
Olivia,Duke,Female,1934-10-13,Dentist
Erik,Rosales,Female,2019-05-06,Prison officer
Judith,Wall,Female,1985-12-25,Restaurant manager
Chloe,Ramirez,Female,1907-07-28,"Psychotherapist, dance movement"
George,Mercer,Female,1941-09-11,Human resources officer
Jo,Zavala,Male,1992-11-23,"Nurse, adult"
Joshua,Carey,Female,1915-01-07,Seismic interpreter
Rickey,Hobbs,Female,1910-07-01,Barrister
Robyn,Reilly,Male,1982-07-27,"Engineer, structural"
Christina,Conrad,Male,1998-01-06,"Producer, radio"
Shelby,Cole,Male,1975-08-18,"Therapist, nutritional"
Steve,Donovan,Male,1935-04-14,Paediatric nurse
Gina,Little,Female,1954-10-07,Production engineer
Connie,Dawson,Female,1979-07-21,"Accountant, chartered certified"
Aaron,Page,Male,1981-03-11,Administrator
Lance,Bradshaw,Male,1974-07-13,Data scientist
Mary,Daniels,Male,1993-07-31,Occupational hygienist
Yesenia,Harding,Male,1906-10-28,"Nurse, mental health"
Shane,Reyes,Female,1956-02-11,Art therapist
Norma,Olson,Female,2012-01-17,Academic librarian
Melinda,Haas,Male,1983-10-16,Musician
Darrell,Fuller,Male,1940-10-23,"Engineer, petroleum"
Priscilla,Valenzuela,Male,1943-03-20,"Journalist, newspaper"
Karla,Steele,Female,1939-05-09,Surgeon
Alexandria,Mcguire,Female,1977-11-05,Building surveyor
Joanna,Doyle,Male,1938-04-12,"Engineer, structural"
Lydia,Neal,Female,1939-09-12,Veterinary surgeon
Darryl,Meyer,Male,1995-05-10,Orthoptist
Alice,Harding,Male,1977-06-14,"Administrator, arts"
Seth,Pratt,Male,1948-04-30,Accounting technician
Amy,Payne,Male,2011-08-22,Museum/gallery curator
Vickie,Mccoy,Male,1992-09-14,Neurosurgeon
Hector,Sparks,Female,1953-06-07,"Designer, fashion/clothing"
Colin,Conley,Female,1938-11-29,Surgeon
Joshua,Grant,Male,1952-08-23,Therapeutic radiographer
Yesenia,Key,Male,1988-03-29,Local government officer
Meghan,Humphrey,Female,1962-09-27,"Research officer, trade union"
Eddie,Daniels,Male,1975-06-14,Armed forces technical officer
Joyce,Abbott,Female,1994-08-29,Recruitment consultant
Isaiah,Olson,Female,1974-04-30,Chief Financial Officer
Curtis,Haney,Male,1988-01-22,Health and safety adviser
Devon,Henry,Female,1982-09-20,"Civil engineer, contracting"
Jordan,Long,Male,1913-01-21,Publishing rights manager
Tom,Mccarty,Female,1967-04-20,Paediatric nurse
Bethany,Davila,Female,1922-08-25,"Surveyor, commercial/residential"
Ariel,Blankenship,Female,1973-01-21,Actuary
Jaclyn,Mclean,Male,1982-04-12,Human resources officer
Stephanie,Donovan,Male,2012-08-02,Medical sales representative
Carly,Brooks,Female,2006-07-28,Production engineer
Dominique,Stevenson,Male,1988-12-09,Art gallery manager
Doris,Holmes,Female,1973-12-10,"Engineer, materials"
Joe,Acevedo,Male,1974-09-10,Immigration officer
Tony,Melendez,Male,1924-01-22,Environmental health practitioner
Lydia,Vargas,Male,1948-03-06,"Accountant, chartered"
Matthew,Yoder,Female,1993-06-17,Insurance account manager
Laura,Bishop,Male,2001-10-13,Legal executive
Vernon,Terry,Male,1960-08-13,"Nurse, adult"
Roberta,Hodge,Male,1922-04-29,Translator
Janet,Heath,Female,1989-12-11,Fitness centre manager
Taylor,Paul,Male,1946-02-12,Games developer
Ariana,Potter,Male,1959-12-11,"Surveyor, building control"
Dave,Myers,Female,1953-11-17,"Therapist, nutritional"
Beth,Harrington,Male,1977-01-16,Field seismologist
Diamond,Spence,Male,1962-04-08,Dance movement psychotherapist
Timothy,Weeks,Male,1971-01-12,"Engineer, technical sales"
Victor,Castro,Female,1939-10-27,Audiological scientist
Samantha,Harris,Male,1965-07-17,Commercial art gallery manager
Priscilla,Bean,Male,1949-09-29,Retail buyer
Erica,Atkins,Female,2018-08-01,"Psychologist, clinical"
Tonya,Blankenship,Female,1926-09-30,Insurance underwriter
Diane,Small,Female,1995-01-10,Waste management officer
Karl,Floyd,Male,1937-10-03,Metallurgist
Dana,Higgins,Female,2020-10-22,Garment/textile technologist
Neil,Sawyer,Male,1961-03-22,Geophysical data processor
Julia,Acosta,Male,1915-04-29,Nutritional therapist
Brandy,Carpenter,Male,1990-09-16,Clinical biochemist
Darren,Manning,Female,1979-08-08,"Runner, broadcasting/film/video"
Roger,Beasley,Male,1968-01-29,Armed forces logistics/support/administrative officer
Albert,Tyler,Male,2000-03-21,"Surveyor, hydrographic"
Tracie,Mooney,Female,2016-02-06,"Engineer, structural"
Tim,Ponce,Female,1923-09-04,Museum/gallery conservator
Margaret,Carr,Male,1990-08-09,Television camera operator
Autumn,Davis,Female,1929-11-25,Hydrographic surveyor
Christina,Hendrix,Female,1963-02-09,IT sales professional
Andrew,Holden,Male,1983-10-08,Fitness centre manager
April,Hebert,Male,1940-02-06,Clinical research associate
Peter,Long,Male,1988-06-12,Artist
Christina,Carter,Female,1966-10-08,"Engineer, agricultural"
David,Faulkner,Female,2010-09-23,Museum/gallery exhibitions officer
Willie,Arellano,Female,1959-08-01,Interior and spatial designer
Traci,Sosa,Male,1985-12-18,Financial adviser
Alexandria,Burgess,Male,1952-05-20,Glass blower/designer
Manuel,Castro,Male,1949-05-23,Herbalist
Nathan,Glenn,Male,1952-03-21,Stage manager
Hailey,Aguirre,Male,1936-05-24,"Engineer, manufacturing"
Arthur,Lyons,Female,1974-08-10,"Development worker, community"
Alexa,Washington,Female,2004-12-05,"Loss adjuster, chartered"
Jorge,Wells,Female,1908-05-28,Research scientist (life sciences)
Oscar,Camacho,Female,1910-08-23,Fashion designer
Derrick,Cook,Male,2020-08-21,Product/process development scientist
Teresa,Page,Male,2015-12-23,Chiropodist
Randy,Tanner,Female,1996-03-12,"Civil engineer, consulting"
Joann,Fuller,Male,1919-03-28,Chief Executive Officer
Christopher,Braun,Female,1976-08-24,"Engineer, petroleum"
Malik,Summers,Male,2022-03-28,Health promotion specialist
Kristi,Sims,Female,1967-01-03,"Surveyor, building"
Mariah,Huang,Female,1964-11-19,Research scientist (life sciences)
Monique,Mahoney,Female,1915-08-11,Waste management officer
Stacie,Cardenas,Female,1950-07-17,Writer
Shannon,Cochran,Female,1985-02-20,Archaeologist
Peggy,Odom,Male,1929-05-25,"Teacher, music"
Anthony,Briggs,Female,1951-09-15,"Biochemist, clinical"
Perry,Levine,Male,1989-03-12,Tree surgeon
Denise,Hahn,Male,1915-04-05,Architectural technologist
Thomas,Bruce,Female,1954-10-04,Product designer
Robyn,Paul,Male,1974-06-10,Commercial/residential surveyor
Miguel,Leblanc,Female,1982-03-19,General practice doctor
Laura,Rice,Male,1989-02-18,Social worker
Madeline,Leach,Male,2002-06-25,Camera operator
Christopher,Nixon,Male,1999-09-02,Food technologist
Mackenzie,Cantrell,Male,1984-04-23,"Engineer, agricultural"
Phyllis,Sanchez,Male,1919-12-06,Translator
Jesus,Sosa,Female,2019-10-28,Careers information officer
Maurice,Hodge,Female,1930-11-01,Garment/textile technologist
Brittney,Stafford,Male,1917-10-13,"Designer, textile"
Dalton,Butler,Female,1952-05-13,Claims inspector/assessor
Russell,Zamora,Female,1968-10-29,"Research officer, trade union"
Alex,Stewart,Male,1976-05-25,Production engineer
Jenny,Nash,Female,2022-01-26,Graphic designer
Daryl,Koch,Female,2010-03-11,Private music teacher
Jake,Tate,Male,1940-07-12,Primary school teacher
Luke,Fletcher,Female,1927-05-16,"Engineer, control and instrumentation"
Earl,Yates,Male,1943-01-04,Dietitian
Brittany,James,Male,1946-05-19,Purchasing manager
Wanda,Alvarado,Female,1981-07-09,"Therapist, music"
Mckenzie,Beltran,Male,1914-12-11,"Engineer, electrical"
Ernest,Camacho,Female,1964-04-04,Quantity surveyor
Haley,Hays,Female,1976-05-01,Secretary/administrator
Dalton,Chaney,Female,1951-10-09,"Social research officer, government"
Drew,Sanchez,Male,1908-03-03,Early years teacher
Bradley,Copeland,Female,1984-04-05,"Engineer, aeronautical"
Alan,Randall,Male,1945-08-05,"Teacher, special educational needs"
Angelica,Hull,Male,2013-08-11,Visual merchandiser
Daryl,Newman,Female,1966-05-07,Copy
Tristan,Morton,Female,1959-05-21,Advertising art director
Tami,Compton,Male,1915-05-16,"Nurse, mental health"
Grant,Esparza,Female,1907-02-16,Historic buildings inspector/conservation officer
Sherri,Williams,Male,1925-10-18,"Engineer, broadcasting (operations)"
Barbara,Bowers,Male,1993-07-30,Risk analyst
Sherry,Maldonado,Male,1956-11-23,Retail manager
Francisco,Flowers,Female,1966-09-23,"Librarian, academic"
Janice,Daugherty,Female,2015-08-22,Fast food restaurant manager
Melody,Clements,Male,1980-08-10,Public house manager
Evan,Howe,Male,1906-06-30,Accommodation manager
Terrance,Rowe,Male,2004-07-22,Medical secretary
Stephanie,Nunez,Female,1914-11-04,"Engineer, automotive"
Jimmy,Wiggins,Male,2005-08-21,Landscape architect
Sonia,Parks,Female,1919-01-12,Manufacturing systems engineer
Curtis,Zamora,Male,1915-07-24,"Engineer, manufacturing"
Tracie,Baker,Female,1951-01-03,"Merchandiser, retail"
Eugene,Richmond,Female,1993-11-26,"Teacher, special educational needs"
Lonnie,Bernard,Female,1952-12-09,Professor Emeritus
Alan,Shaffer,Male,1938-10-04,Adult nurse
Grace,Mckenzie,Male,1973-09-11,Fast food restaurant manager
Logan,Obrien,Female,1990-04-22,"Engineer, communications"
Katrina,Duke,Female,1935-09-21,"Producer, radio"
Katherine,Bolton,Male,1969-11-30,"Engineer, automotive"
Perry,Rollins,Male,1975-04-14,Chief Marketing Officer
Makayla,York,Female,1945-01-30,"Librarian, academic"
Jo,Olsen,Female,2019-11-05,Amenity horticulturist
Christian,Mosley,Male,1945-11-20,Production manager
Nancy,Arias,Male,2009-08-15,Multimedia programmer
Cheryl,Friedman,Female,1966-09-07,Illustrator
Helen,Maynard,Male,1944-06-15,Research scientist (medical)
Jennifer,Kane,Female,2019-02-12,Insurance claims handler
Danielle,Howard,Female,1920-04-08,Set designer
Candice,Estes,Male,2021-10-24,"Designer, fashion/clothing"
Renee,Alvarado,Female,1922-03-23,Accommodation manager
Annette,Santos,Female,1949-09-15,Social worker
Kerry,Newman,Male,1957-09-06,Health physicist
Lindsey,Kline,Male,1995-07-11,Emergency planning/management officer
Dominic,Buchanan,Male,1914-06-17,Logistics and distribution manager
Gordon,Hess,Male,1912-09-14,Lobbyist
Bruce,Pineda,Male,1997-04-29,Horticultural therapist
Maxwell,Vega,Female,2014-09-03,Speech and language therapist
Geoffrey,Lawrence,Female,1939-02-22,"Pharmacist, hospital"
Charlene,Schwartz,Male,1945-11-23,Dispensing optician
Anita,Burnett,Male,1970-02-27,Neurosurgeon
Leslie,Patel,Male,1907-04-28,"Civil engineer, contracting"
Pamela,Hayden,Female,2000-01-16,"Editor, commissioning"
Deanna,Ford,Male,1928-08-08,Geophysicist/field seismologist
Bonnie,Hammond,Male,2000-06-13,"Nurse, adult"
Debra,Byrd,Male,2010-01-24,Tour manager
Sharon,Torres,Male,1911-09-28,Oceanographer
Olivia,Austin,Male,1955-04-04,"Geneticist, molecular"
Jean,Harmon,Female,1914-09-13,Geophysicist/field seismologist
Bridget,Griffith,Male,1954-02-09,Historic buildings inspector/conservation officer
Curtis,Flores,Female,1973-04-08,Clothing/textile technologist
Bridget,Ryan,Male,1967-11-04,Local government officer
Mitchell,Boyd,Female,1989-11-08,Tourist information centre manager
Peter,Bruce,Female,1996-06-11,Production engineer
Jonathon,Huynh,Male,1961-09-21,"Research officer, political party"
Connie,Myers,Male,1992-06-27,Television/film/video producer
Stacie,Barnett,Female,1989-02-21,Politician's assistant
Jacqueline,Harper,Male,1938-01-03,Insurance underwriter
Kara,Bruce,Female,1937-11-10,Chemical engineer
Caroline,Lindsey,Male,1944-11-20,Insurance broker
Meagan,Salazar,Male,1929-07-27,Music therapist
Jamie,Logan,Female,1964-06-05,Ranger/warden
Nicholas,Glenn,Female,1978-07-08,Civil Service administrator
Shane,Donaldson,Male,2007-01-18,Materials engineer
Norman,Zhang,Male,1982-05-03,"Restaurant manager, fast food"
Pamela,Hutchinson,Female,1942-07-25,Stage manager
Yolanda,Stanton,Male,1908-05-17,Banker
Phillip,Valencia,Male,2006-12-05,Optometrist
Taylor,Benton,Male,1914-06-06,Clinical cytogeneticist
Ebony,Ross,Male,1957-06-26,"Scientist, forensic"
Lucas,Hess,Male,2019-11-03,Medical laboratory scientific officer
Alan,Nixon,Female,1992-11-21,Public relations account executive
Ernest,Wong,Male,1975-04-01,Technical author
Kristina,Krueger,Male,1935-10-27,Medical laboratory scientific officer
Shaun,Nixon,Male,2003-03-01,Commercial/residential surveyor
Anthony,Wallace,Male,2021-11-10,Water quality scientist
William,Ingram,Female,1926-01-18,Health physicist
Bobby,Day,Female,1979-06-14,Computer games developer
Krista,Booker,Male,1909-07-13,Adult guidance worker
Isaiah,Hood,Male,2012-08-08,"Scientist, audiological"
Gilbert,Church,Female,1971-07-15,Museum/gallery conservator
Dawn,Francis,Female,1995-04-12,Civil Service fast streamer
Melody,Jacobson,Male,1954-06-11,Licensed conveyancer
Edgar,Ball,Male,1975-04-05,"Engineer, drilling"
Allison,Walls,Male,1938-10-02,"Programmer, multimedia"
Clayton,Anderson,Female,2006-08-17,Graphic designer
Desiree,Beltran,Female,1929-08-03,Photographer
Yvette,Webster,Male,2006-08-14,Clothing/textile technologist
Albert,Cross,Male,1906-12-27,Diplomatic Services operational officer
Kara,Gamble,Male,1998-06-16,Primary school teacher
Yolanda,Miller,Male,1978-12-14,Senior tax professional/tax inspector
Cheryl,Tucker,Female,1972-08-11,Fisheries officer
Beverly,Clarke,Female,1978-11-30,Higher education lecturer
Kerri,Morris,Male,2011-06-30,"Conservator, furniture"
Ralph,Richards,Female,1942-01-30,Contractor
Stefanie,Castillo,Female,1924-04-12,Ship broker
Judith,Huff,Male,1959-08-05,Academic librarian
Benjamin,Ramsey,Male,1981-12-17,Land/geomatics surveyor
Pamela,Dean,Female,1946-02-11,Product manager
Tricia,Chandler,Female,1952-08-06,Primary school teacher
Zachary,Nixon,Female,1986-09-12,"Scientist, physiological"
Leon,Guerrero,Male,1924-02-22,Translator
Lacey,Casey,Male,1979-11-07,Illustrator
Yesenia,Petty,Male,1963-02-13,Information officer
Phillip,Morales,Male,1981-12-13,Tourist information centre manager
Teresa,Powers,Male,1949-10-29,"Designer, textile"
Stacy,Roach,Female,1978-01-08,"Buyer, retail"
Gary,Blackwell,Male,1939-08-25,Facilities manager
Jasmine,Irwin,Male,1949-12-26,Fashion designer
Angie,Munoz,Female,1984-09-26,Land/geomatics surveyor
Stanley,Beard,Male,1962-06-18,Public relations account executive
Mary,Donaldson,Female,1965-02-03,Psychotherapist
Tristan,Aguirre,Male,1928-09-10,Paramedic
Jessica,Stokes,Male,1945-08-24,Control and instrumentation engineer
Kerry,Downs,Male,1906-09-25,"Doctor, general practice"
Megan,Owen,Female,1921-08-18,Corporate investment banker
Steven,Decker,Female,2015-09-14,Analytical chemist
Dwayne,Vazquez,Male,2011-06-13,Advertising art director
Chelsey,Singh,Male,1987-05-07,"Merchandiser, retail"
Alex,Newton,Female,1941-06-12,"Surveyor, hydrographic"
Bethany,Walsh,Female,1965-07-30,Arts administrator
Mario,Pennington,Male,2000-12-27,Writer
Deborah,Benjamin,Male,1956-10-30,Travel agency manager
Marc,Owens,Female,2018-04-04,Newspaper journalist
Kristin,Love,Female,2007-09-04,"Conservation officer, nature"
Frederick,Villegas,Female,1927-08-18,"Programme researcher, broadcasting/film/video"
Angel,Vance,Male,1949-07-25,Media buyer
Tasha,Stout,Male,1988-01-09,Tax adviser
Emily,Good,Female,2014-10-17,Quantity surveyor
Warren,Harrington,Male,1999-10-25,Biomedical scientist
Julian,Camacho,Male,1976-01-06,"Engineer, electronics"
Edward,Powers,Male,2008-05-20,Radiation protection practitioner
Hector,Fritz,Male,2013-10-11,Catering manager
Brittney,May,Female,1980-07-15,Metallurgist
Bethany,Santos,Male,1962-11-03,"Investment banker, corporate"
Vicki,Mitchell,Male,1965-03-22,"Pilot, airline"
Jay,Perkins,Male,1960-06-18,"Education officer, environmental"
Candace,Case,Female,1911-07-10,Operations geologist
Valerie,Welch,Female,1918-06-07,Brewing technologist
Hunter,Blair,Female,2008-12-29,Mental health nurse
Phillip,Barnes,Female,1917-02-23,Architect
Micheal,Booker,Male,1976-04-04,Oceanographer
Daniel,Morris,Female,1926-05-07,"Nurse, mental health"
Jonathan,Molina,Female,2005-05-29,Financial adviser
Kirk,Norton,Female,1923-04-07,Broadcast presenter
Kurt,Liu,Male,1970-11-26,Therapeutic radiographer
Stefanie,Prince,Female,1968-03-19,Leisure centre manager
Ariana,Hickman,Male,1948-06-04,Podiatrist
Lydia,Torres,Female,1955-03-03,Therapeutic radiographer
Jenny,Hurley,Female,1961-07-04,Dance movement psychotherapist
Ryan,Ward,Female,1960-04-06,IT sales professional
Aimee,Bridges,Male,1960-03-23,"Nurse, children's"
Kari,Brewer,Female,1991-12-14,"Solicitor, Scotland"
Vicki,Park,Male,1981-06-27,Production engineer
Kerri,Simpson,Male,1980-06-24,Learning mentor
Raven,Moore,Male,1967-07-11,Museum/gallery conservator
Darryl,Barton,Female,1922-12-29,Prison officer
Leah,Benton,Male,2001-01-15,Plant breeder/geneticist
Bernard,Schroeder,Male,1943-07-17,Early years teacher
Robert,Montgomery,Female,1969-05-04,Media planner
Randall,Collins,Female,2012-01-31,"Conservator, furniture"
Stacie,Archer,Female,1980-08-13,Cartographer
Eduardo,Rodgers,Female,1911-01-30,"Librarian, academic"
Robert,Avila,Male,1944-04-14,Forensic psychologist
Jermaine,Michael,Female,1937-02-16,Medical laboratory scientific officer
Lance,Blankenship,Male,1957-11-03,"Nurse, mental health"
Alvin,Smith,Male,1970-01-21,Immunologist
Kathryn,Bernard,Female,1957-08-17,"Conservation officer, nature"
Jamie,Jimenez,Female,1919-12-09,Social worker
Francisco,Hutchinson,Female,1960-04-24,Paediatric nurse
Earl,Jenkins,Male,2015-08-25,Microbiologist
Heather,Snyder,Female,2010-08-11,"Nurse, children's"
Christine,Matthews,Male,1964-01-01,Sales executive
Kaylee,Dixon,Female,1986-07-04,"Scientist, research (physical sciences)"
Ariel,Prince,Female,2003-08-06,Product/process development scientist
Emma,Hinton,Female,1934-03-29,Education administrator
Kara,Esparza,Male,1943-10-14,"Scientist, research (medical)"
Erika,Cruz,Male,1963-05-09,Furniture designer
Preston,Erickson,Male,1934-10-29,"Research officer, trade union"
Brittney,Norris,Male,1926-12-02,Clinical embryologist
Gilbert,Lin,Female,1910-09-07,Medical physicist
Jose,Deleon,Female,1969-05-14,Investment analyst
Phyllis,Strickland,Male,2002-06-03,"Doctor, hospital"
Robyn,Ferrell,Male,2007-03-07,"Editor, magazine features"
Marie,Taylor,Male,1972-05-29,"Lecturer, higher education"
Cameron,Gray,Male,1930-04-10,Animal technologist
Calvin,Gilbert,Female,1945-04-16,Best boy
Glenn,Graves,Female,1929-03-27,Visual merchandiser
Jeff,Olsen,Female,1981-06-04,Legal executive
Wyatt,Monroe,Male,1929-03-01,Records manager
Gina,Leon,Female,1987-01-20,"Engineer, manufacturing systems"
Susan,Fritz,Male,2021-09-17,"Scientist, biomedical"
Tommy,Combs,Male,2020-11-19,Chiropractor
Julian,Sherman,Female,1941-05-02,Radio producer
Fernando,Carpenter,Female,1989-10-25,Chief Strategy Officer
Leonard,Parsons,Female,1942-09-07,Seismic interpreter
Nina,Giles,Male,1943-01-13,Legal executive
Anne,Fox,Male,2004-11-18,Associate Professor
Mandy,Green,Male,1915-09-03,Market researcher
Angel,Stokes,Male,1982-08-19,Social worker
Bryce,Ball,Female,2018-04-07,Financial adviser
Whitney,Vargas,Female,1946-03-04,Geochemist
Natalie,Grimes,Male,2008-12-27,Patent examiner
Vickie,Velez,Male,1978-03-04,"Teacher, special educational needs"
Grant,Morrison,Female,1906-12-29,Glass blower/designer
Bradley,Douglas,Male,1921-10-21,Environmental health practitioner
Roberto,Yu,Male,1910-07-17,Logistics and distribution manager
Debbie,Lozano,Male,1994-07-13,Network engineer
Henry,Ellis,Female,2001-11-22,Telecommunications researcher
Kyle,Bartlett,Male,1974-11-16,"Psychologist, sport and exercise"
Ricky,Fitzpatrick,Female,1952-06-20,Applications developer
Tanya,Spencer,Female,2002-08-12,Trade union research officer
Francis,Walter,Female,1960-08-20,"Investment banker, corporate"
Lydia,Alexander,Female,1991-07-11,Animal technologist
Jessica,Chambers,Male,1923-02-01,Field seismologist
Summer,Escobar,Male,1909-09-19,Dealer
Marisa,Vance,Male,1975-11-17,Fitness centre manager
Gabrielle,Fritz,Female,1926-03-02,Clothing/textile technologist
Maureen,Barrett,Female,1995-02-18,Warden/ranger
Cody,Arnold,Female,1955-06-08,Database administrator
Holly,Manning,Female,1915-06-06,"Radiographer, therapeutic"
Samantha,Barr,Female,1920-09-01,"Programme researcher, broadcasting/film/video"
Hailey,Pena,Male,1984-09-18,Clothing/textile technologist
Phillip,Dalton,Male,1959-08-07,"Programmer, multimedia"
Maria,Downs,Male,1979-04-29,"Surveyor, quantity"
Sarah,Ayers,Male,2018-09-28,Local government officer
Gregg,Hurst,Male,1940-12-23,Furniture designer
Micheal,Todd,Male,2002-12-19,Nature conservation officer
Gabriel,Heath,Female,1964-01-25,Wellsite geologist
Joy,Mercer,Male,1955-06-18,Barrister's clerk
Karen,Brown,Female,1999-05-26,Financial risk analyst
Molly,Gutierrez,Female,1971-11-05,Medical technical officer
Scott,Mcmahon,Male,1966-02-05,Clinical psychologist
Grace,Bolton,Male,1941-04-30,Energy engineer
Kerry,Andersen,Male,1965-05-25,Trading standards officer
Xavier,Johnston,Male,1995-03-17,Probation officer
Dustin,Hudson,Male,2019-05-18,International aid/development worker
Brendan,Gilbert,Female,1989-02-26,"Production assistant, television"
Cory,Forbes,Male,1985-11-10,Theatre director
Carla,Marshall,Male,1917-08-23,Arts development officer
Tracy,Jarvis,Female,1964-04-11,Associate Professor
Anne,Garza,Male,1963-01-07,Camera operator
Megan,Mcdonald,Male,1992-10-13,Clinical research associate
Sydney,Trujillo,Male,1955-06-10,Hotel manager
Regina,Mclaughlin,Female,2006-02-20,Air broker
Randy,Bowen,Male,1992-12-20,Barista
Darin,Wu,Female,1955-03-20,"Surveyor, planning and development"
Tracey,Hurley,Male,1996-01-02,Health physicist
Jocelyn,Hodge,Female,1934-03-11,Sport and exercise psychologist
Susan,Joseph,Female,1968-01-29,"Engineer, agricultural"
Whitney,Burke,Female,1927-05-01,Media buyer
Emma,Caldwell,Male,1951-08-20,General practice doctor
Valerie,Koch,Male,1911-03-15,Geochemist
Kiara,Miranda,Female,1920-08-26,"Designer, furniture"
Karla,Shelton,Male,1964-08-19,Building control surveyor
Marisa,Snyder,Male,2003-08-24,Museum/gallery conservator
Lynn,Cordova,Female,1958-12-22,Insurance account manager
Sydney,Leonard,Male,1977-05-28,Counselling psychologist
Diane,Patel,Male,1930-02-11,Media buyer
Christian,Zuniga,Female,2001-01-11,"Librarian, public"
Clayton,Hale,Female,1953-12-01,Research scientist (maths)
Brandon,Campbell,Male,1986-03-01,Arts administrator
Haley,Gay,Male,1939-05-19,"Surveyor, planning and development"
Megan,Roberts,Male,1929-12-21,Artist
Kathleen,Lang,Female,2021-08-09,Amenity horticulturist
Traci,Duke,Female,1997-02-11,Herbalist
Bryan,Dawson,Male,1965-08-12,Gaffer
Caitlyn,Wiggins,Female,2007-02-24,Solicitor
Mary,Salinas,Female,1985-11-03,Animal nutritionist
Cassie,Knapp,Male,1957-03-20,Trading standards officer
Nathaniel,Shaffer,Female,1942-04-13,Jewellery designer
Marcia,Wilcox,Male,1996-07-27,Data processing manager
Jose,Webb,Female,1950-01-30,"Engineer, technical sales"
Drew,Valentine,Female,1943-12-09,"Horticulturist, amenity"
Max,Madden,Male,1975-05-17,Museum education officer
Valerie,Wright,Male,1967-02-03,Occupational hygienist
Elijah,Barnett,Male,1907-03-19,Minerals surveyor
Jeanne,Mata,Female,1940-02-17,Technical brewer
Sylvia,Cisneros,Female,1914-12-31,Phytotherapist
Linda,Patterson,Male,1989-06-29,Actuary
Peggy,Guerrero,Male,2021-10-22,"Engineer, agricultural"
Tracey,George,Male,1931-08-06,"Accountant, chartered public finance"
Curtis,Bolton,Female,1967-07-27,Astronomer
Candice,Cervantes,Male,1978-03-04,Chartered certified accountant
Rodney,Obrien,Female,1931-10-01,Printmaker
Jay,Lawson,Male,1996-07-13,"Surveyor, building control"
Shawn,Hogan,Female,1996-10-22,Administrator
Bob,Park,Male,1982-11-07,Adult guidance worker
Carmen,Stevenson,Female,1958-08-12,Occupational psychologist
Dawn,Hickman,Female,1984-11-05,Field trials officer
Elaine,Nichols,Male,1920-01-31,Investment analyst
Ross,Carrillo,Male,1907-01-19,"Teacher, primary school"
Blake,Long,Male,1922-02-12,Radiation protection practitioner
Johnny,Phillips,Male,1948-03-30,Maintenance engineer
Tanner,Ford,Male,1980-01-17,"Accountant, chartered certified"
Louis,Hayden,Female,1945-11-15,Haematologist
Lonnie,Meza,Male,1965-09-24,Armed forces logistics/support/administrative officer
Kellie,Frye,Male,1955-07-06,"Administrator, Civil Service"
Claudia,Leon,Male,1931-11-19,Occupational hygienist
Evan,Logan,Female,1920-01-20,"Engineer, civil (contracting)"
Monica,Fry,Female,1911-03-21,Chiropodist
Caleb,Nguyen,Female,1949-04-23,Osteopath
Tasha,Lamb,Female,1972-01-18,IT technical support officer
Alyssa,Cisneros,Female,1972-02-25,Fish farm manager
Seth,Bullock,Female,1920-08-15,Publishing copy
Logan,Henry,Male,1962-09-23,Counsellor
Mark,Bishop,Male,1976-08-08,"Restaurant manager, fast food"
Sheena,Baird,Male,1970-05-25,Legal secretary
Melody,Clayton,Female,1909-12-01,"Investment banker, operational"
Sheryl,Yoder,Male,1963-03-26,"Engineer, civil (contracting)"
Lynn,Carney,Male,1951-03-08,Volunteer coordinator
Carmen,Irwin,Male,1993-07-05,"Librarian, academic"
Shelley,Patton,Male,1990-05-20,Production engineer
Jaime,Mays,Male,1993-09-23,Orthoptist
Dan,Woodard,Female,1940-04-19,Psychiatric nurse
Melinda,Ortega,Male,2010-03-13,"Psychologist, counselling"
Clayton,Flowers,Female,1945-08-26,"Scientist, research (life sciences)"
Rita,Jefferson,Female,1907-04-01,Media planner
Melissa,Palmer,Female,2021-01-18,Sports therapist
Sally,Strickland,Male,1936-03-24,Corporate investment banker
Janice,Wood,Male,1948-08-23,Podiatrist
Sean,Velazquez,Male,1968-09-29,Leisure centre manager
Marcia,Berry,Female,1960-04-20,Bookseller
Dustin,Howard,Male,1995-07-29,Academic librarian
Jodi,Jordan,Male,1985-05-24,Personal assistant
Benjamin,Moses,Female,1981-03-30,Electronics engineer
Paula,Mooney,Female,2000-09-22,"Designer, jewellery"
Melvin,Edwards,Male,2013-06-14,Publishing copy
Kaylee,Cantrell,Female,2014-06-19,Naval architect
Logan,Beck,Male,1954-01-24,Arts development officer
Preston,Webb,Female,1987-07-16,Theme park manager
Bernard,Payne,Male,1970-11-30,Product designer
Gina,Mays,Female,2021-09-13,Health and safety inspector
Ariel,Wilkinson,Male,1921-05-23,Medical illustrator
Don,Melton,Male,1955-03-24,Architect
Alex,Burns,Female,2015-07-24,Immunologist
Shelia,Spencer,Male,2008-07-26,"Geologist, engineering"
Dominic,Graham,Male,2016-06-26,"Scientist, clinical (histocompatibility and immunogenetics)"
Leslie,Richmond,Male,1986-06-05,Personal assistant
Amy,Roman,Female,1988-10-09,Immigration officer
Judy,Meyers,Male,1906-09-07,Technical brewer
Alex,Morrison,Female,2021-02-28,Veterinary surgeon
Allen,Mccall,Female,2010-03-08,Scientific laboratory technician
Tiffany,Donovan,Female,1977-02-19,Set designer
Sally,Garrett,Female,1970-05-07,Agricultural consultant
Dakota,Pace,Male,2005-04-12,"Buyer, retail"
Willie,Ewing,Female,1985-05-15,"Engineer, materials"
Isabella,Caldwell,Female,1939-07-28,Geophysicist/field seismologist
Janet,Mcgrath,Male,1917-09-25,Quality manager
Jeanette,Thompson,Male,1951-02-21,Holiday representative
Emily,Lawson,Male,1976-05-23,Chief Marketing Officer
Cristian,Chavez,Male,1940-07-06,"Journalist, magazine"
Nina,Mullins,Female,1978-12-22,Estate agent
Kyle,Bruce,Male,1919-10-05,Mechanical engineer
Jacob,Arroyo,Female,1944-11-10,Prison officer
Nicholas,Kirby,Female,1986-05-29,Phytotherapist
Jasmine,Chapman,Female,1914-07-28,Education administrator
Jackie,Potter,Female,1983-10-08,Minerals surveyor
Rebecca,Castillo,Female,1935-02-14,Sports therapist
Catherine,Summers,Male,1990-10-26,"Pilot, airline"
Clifford,Shields,Male,1935-09-30,Armed forces operational officer
Chase,Davies,Female,1990-10-17,Public affairs consultant
Jeff,Mejia,Male,2004-10-25,Clinical psychologist
Brandy,Baxter,Male,1978-10-18,Firefighter
Heidi,Valenzuela,Female,1985-12-14,Tourist information centre manager
Andrew,Logan,Male,1960-04-19,Training and development officer
Virginia,Sparks,Female,1942-02-12,Recycling officer
Samantha,Brown,Male,1973-08-08,"Administrator, sports"
Lorraine,Andersen,Female,1932-12-30,Fitness centre manager
Kendra,Buck,Male,1945-09-04,Armed forces logistics/support/administrative officer
Aaron,Wheeler,Female,1942-02-22,Investment analyst
Raven,Waters,Female,1949-12-10,"Runner, broadcasting/film/video"
Terri,Stout,Male,1911-05-08,Agricultural engineer
Ross,Cherry,Male,1998-08-16,"Programme researcher, broadcasting/film/video"
Jeremy,Gonzales,Male,1945-05-05,Dramatherapist
Edward,Mcintosh,Male,1946-04-19,"Conservation officer, nature"
Sabrina,Wilkerson,Female,1913-06-01,Insurance claims handler
Darren,Ramirez,Female,2012-06-07,Insurance account manager
Tanya,Burgess,Female,1952-05-06,Secondary school teacher
Connor,Benitez,Female,1908-06-12,Physiological scientist
Angela,Pruitt,Female,1948-06-24,Paediatric nurse
Norma,Cline,Female,1969-07-02,Web designer
Perry,Camacho,Male,1976-06-13,Cartographer
Darryl,Ballard,Female,2009-07-08,Phytotherapist
Maxwell,Greene,Female,2013-11-11,"Therapist, sports"
Nicole,Harrington,Female,2006-03-07,Archivist
Gail,Walters,Female,2009-03-07,Dietitian
David,Cooper,Female,1924-12-01,Trade mark attorney
Jade,Molina,Female,2021-02-15,Ceramics designer
Shannon,Marquez,Male,1950-10-25,Patent examiner
Jake,Shannon,Male,1934-04-18,Clinical embryologist
Dawn,Lowery,Female,1991-09-05,Video editor
Carrie,Newman,Male,1947-04-06,"Sound technician, broadcasting/film/video"
Ross,Davenport,Male,2021-07-07,"Horticulturist, commercial"
Johnathan,Dudley,Female,1968-07-30,Data scientist
Franklin,Decker,Female,1976-08-03,Licensed conveyancer
Candace,Velasquez,Male,2001-05-21,Recycling officer
Kaylee,Skinner,Female,1918-12-04,Tourism officer
Francis,Carr,Male,1965-09-08,Local government officer
Breanna,Yu,Female,2015-07-26,"Accountant, chartered public finance"
Marco,Ramos,Female,1958-10-16,"Conservator, museum/gallery"
April,Love,Female,1919-11-17,Early years teacher
Bryan,Wise,Male,1968-07-04,"Engineer, drilling"
Sabrina,Burch,Male,1980-11-17,Dramatherapist
Evan,Kerr,Female,1925-07-21,"Clinical scientist, histocompatibility and immunogenetics"
Luis,Knox,Female,2000-04-06,TEFL teacher
Jo,Beasley,Female,1909-12-31,"Engineer, manufacturing systems"
Rebecca,Beasley,Female,1975-10-16,Film/video editor
Kristie,Good,Male,1987-07-13,Banker
Natalie,Velasquez,Female,1949-01-31,"Psychotherapist, child"
Dominic,Friedman,Male,1908-07-26,Cartographer
Molly,Ashley,Female,1984-06-09,"Engineer, drilling"
Kristin,Wang,Female,1923-11-22,Civil Service administrator
Rick,Chavez,Male,1920-12-16,Armed forces training and education officer
Wyatt,Bennett,Female,2012-02-27,"Production designer, theatre/television/film"
Meagan,Roth,Female,1955-07-31,Musician
Lisa,Roy,Male,1913-06-22,Music therapist
Marie,Bautista,Female,1974-07-01,Diagnostic radiographer
Rita,Walsh,Male,1975-07-13,Health physicist
Howard,Sosa,Female,1929-01-06,"Engineer, maintenance (IT)"
Kenneth,Middleton,Male,2019-10-18,TEFL teacher
Katelyn,Burns,Male,1936-01-08,"Psychologist, counselling"
Douglas,Ellis,Male,1952-09-14,Geochemist
Rickey,Sims,Female,1914-12-11,Event organiser
Tammy,Delacruz,Female,1997-07-22,Tourist information centre manager
Mallory,Warner,Male,2004-03-15,Clinical molecular geneticist
Charlene,Abbott,Female,1929-05-22,Barrister's clerk
Bailey,Bonilla,Male,1965-11-29,Customer service manager
Jody,Carlson,Female,2017-03-19,Art gallery manager
Theresa,Zavala,Female,1932-11-28,Charity fundraiser
Darlene,Underwood,Female,1949-01-23,Systems analyst
Amanda,Glover,Female,1958-12-17,Armed forces training and education officer
Vickie,Mcgee,Female,2016-03-20,Chemical engineer
Laurie,Wallace,Male,1971-01-25,Architectural technologist
Fernando,Escobar,Female,1935-09-27,Printmaker
George,Maynard,Male,2005-02-21,Minerals surveyor
Samuel,Glover,Male,1988-12-17,Logistics and distribution manager
Heidi,Brock,Male,1954-09-13,Archivist
Bill,Pierce,Male,1955-11-26,Theatre manager
Max,Hanson,Female,1938-08-25,Physiotherapist
Alexander,Benjamin,Male,2000-01-09,Communications engineer
Kelly,Gentry,Female,2016-09-06,Cabin crew
Brett,Petersen,Male,1966-11-23,Interpreter
Lorraine,Miles,Male,1925-09-28,Advertising account executive
Heidi,Berger,Male,1934-11-06,Phytotherapist
Jaime,Kelley,Female,1941-03-26,"Journalist, broadcasting"
Brittany,Conner,Female,1936-06-02,Operations geologist
Christy,Martin,Male,1928-05-27,Furniture designer
Regina,Sims,Female,1979-10-03,"Engineer, production"
Ariel,Bean,Female,1995-06-17,Chemical engineer
Troy,Weeks,Male,2014-05-26,Higher education lecturer
Carrie,Gomez,Male,1961-07-10,Insurance broker
Norman,Lambert,Male,2017-09-27,Radiation protection practitioner
Vernon,Lara,Male,2014-04-20,"Psychologist, counselling"
Shaun,Robertson,Male,1984-01-10,"Social research officer, government"
Sheila,Pace,Female,1997-11-22,"Scientist, biomedical"
Diamond,Huber,Female,1917-08-27,Secondary school teacher
Bryan,Oconnell,Male,1931-01-27,"Engineer, maintenance (IT)"
Chelsea,Fitzpatrick,Male,1988-08-20,Trade union research officer
Emma,Jenkins,Female,1955-07-31,"Engineer, materials"
Elijah,Roberts,Female,1973-01-04,"Biochemist, clinical"
Darren,Hamilton,Female,1930-05-22,Mental health nurse
Alicia,Orr,Male,1979-09-05,Probation officer
Christina,Barnett,Female,1923-12-04,Firefighter
Tabitha,Beltran,Female,1915-11-30,"Engineer, communications"
Sarah,Schroeder,Male,2006-11-04,"Engineer, civil (consulting)"
Katrina,Jordan,Female,1934-04-27,Planning and development surveyor
Sophia,Harris,Female,1988-06-06,Financial planner
Brady,Coffey,Female,1997-08-17,Data scientist
Kristie,Cameron,Female,1932-01-11,Management consultant
Tracy,Yang,Female,1914-12-10,Company secretary
Hayley,Hess,Female,1917-02-02,"Exhibitions officer, museum/gallery"
Joanne,Moody,Male,1939-06-30,"Designer, industrial/product"
Rick,Shields,Male,2000-03-12,Contracting civil engineer
Jo,Harris,Male,2011-08-21,Clinical biochemist
Yvette,Barrett,Male,1982-07-07,Tax inspector
Autumn,Avila,Male,1954-10-21,Operational researcher
Eduardo,Maldonado,Female,2000-11-22,Environmental consultant
Shari,Gillespie,Female,1927-02-08,Sports development officer
Caitlyn,Webb,Male,1930-05-26,Fine artist
Cathy,Gallagher,Female,1947-01-25,Nature conservation officer
Morgan,Spears,Female,1981-02-23,Fisheries officer
Bianca,Merritt,Male,1911-08-06,Architectural technologist
Kenneth,Sanchez,Male,1939-06-27,"Secretary, company"
David,Skinner,Male,1970-04-04,Writer
Caitlin,Hoffman,Female,2011-03-23,Phytotherapist
Peggy,Moore,Male,2011-12-28,"Teacher, adult education"
Doris,Larsen,Female,2000-07-27,Financial controller
Mercedes,Potts,Female,1950-07-28,"Conservation officer, historic buildings"
Craig,Duffy,Male,1939-12-08,Operations geologist
Tami,Patton,Female,1945-02-17,Web designer
Erik,Summers,Male,1946-01-04,Glass blower/designer
Theresa,Cantrell,Female,1952-12-04,Archivist
Kendra,Bird,Female,1915-02-09,Civil Service administrator
Heidi,Odonnell,Male,1936-02-06,Water quality scientist
Regina,Green,Female,1970-11-12,Television production assistant
Betty,Quinn,Female,1910-06-04,Applications developer
Mariah,Woodard,Female,2011-08-27,Quantity surveyor
Emily,Molina,Male,1922-11-15,Personnel officer
Kristine,Dyer,Female,1919-09-11,"Engineer, civil (contracting)"
Brad,Crosby,Female,1948-01-12,Magazine journalist
Drew,Beck,Male,1927-03-24,Heritage manager
Blake,Whitehead,Male,1998-03-05,Control and instrumentation engineer
Maureen,Flores,Female,1960-04-17,Youth worker
Monica,Santos,Female,1963-05-09,Youth worker
Brittney,Stephens,Female,2004-03-20,"Conservation officer, historic buildings"
Aaron,Little,Male,1972-03-07,Hydrographic surveyor
Leon,Duarte,Male,2018-12-02,Building services engineer
Frances,Harrell,Male,1957-07-18,"Production assistant, radio"
Anthony,Ross,Female,2008-12-26,Paediatric nurse
Alejandra,Esparza,Female,2005-10-11,"Administrator, education"
Angelica,Lynn,Female,1954-08-04,Adult guidance worker
Tara,Moody,Male,2016-06-18,Arts administrator
Patrick,Landry,Female,1913-02-26,Dramatherapist
Claire,Esparza,Male,1948-04-21,Automotive engineer
Evan,Sheppard,Male,1940-05-07,Fashion designer
Claire,Thornton,Male,1997-08-05,Systems analyst
Richard,Rocha,Female,1968-09-25,Food technologist
Kent,Flowers,Male,1984-10-05,"Teacher, adult education"
Jane,Zamora,Female,1933-06-05,"Accountant, chartered certified"
Rita,Sweeney,Female,1982-01-03,Engineering geologist
Leah,Mcfarland,Male,2015-01-15,Bonds trader
Vincent,Schmidt,Male,1951-09-30,"Accountant, chartered public finance"
Ronnie,Hurley,Male,1915-04-13,"Teacher, English as a foreign language"
Audrey,Burke,Female,1985-01-21,Public relations officer
Javier,Mata,Male,1948-10-04,"Nurse, mental health"
Cassie,Price,Female,1924-05-05,Furniture designer
Julian,Zuniga,Female,1975-10-07,"Administrator, education"
Carla,Ramos,Male,1979-02-22,Podiatrist
Elizabeth,Pearson,Male,1982-07-15,"Loss adjuster, chartered"
Lorraine,Carney,Male,2012-07-21,"Designer, multimedia"
Joanna,Kaiser,Male,2018-09-20,Theme park manager
Johnny,Daugherty,Male,1931-06-19,"Therapist, drama"
Gabriel,Bird,Male,1944-02-24,Health promotion specialist
Bianca,Becker,Female,1975-08-08,Press sub
Reginald,Roach,Female,1915-04-19,Restaurant manager
Kimberly,Kirby,Male,1921-02-04,Senior tax professional/tax inspector
Lonnie,Duke,Female,2015-05-12,"Nurse, adult"
Kelli,Koch,Male,1981-09-11,Sub
Jo,Kidd,Female,1906-09-04,"Engineer, maintenance (IT)"
Diana,Rivera,Female,1960-10-30,Higher education lecturer
Allen,Fitzgerald,Female,1934-02-22,Probation officer
Leonard,Wallace,Female,2012-08-25,"Chemist, analytical"
Arthur,Pugh,Female,2017-03-30,Metallurgist
Dwayne,Bauer,Male,1988-09-07,"Social research officer, government"
Heidi,Avila,Female,1925-11-10,Industrial/product designer
Franklin,Key,Male,1985-05-24,Immunologist
Sergio,Rangel,Female,1947-12-09,Multimedia programmer
Gina,David,Male,2007-07-23,Television/film/video producer
Mike,Baldwin,Male,1986-08-22,"Scientist, clinical (histocompatibility and immunogenetics)"
Holly,Burnett,Female,1993-10-18,Warehouse manager
Jenna,Dawson,Female,2022-03-05,"Education officer, community"
Catherine,Bryan,Male,1956-10-25,Operations geologist
Jerome,Dougherty,Male,1909-09-06,Clinical biochemist
Wayne,Zhang,Male,2004-03-08,Teaching laboratory technician
Blake,Duke,Male,1953-12-27,Seismic interpreter
Rick,Mosley,Male,1948-03-11,Video editor
Reginald,Howard,Male,1921-08-20,Astronomer
Chad,Manning,Male,1929-04-23,Contractor
Wayne,Velazquez,Female,1971-04-07,Prison officer
Darren,Lowery,Female,2012-09-14,Forensic scientist
Perry,Wright,Female,1976-02-02,"Geneticist, molecular"
Mandy,Gregory,Male,2019-04-27,Teaching laboratory technician
Tammie,Neal,Female,1955-03-02,Medical secretary
Wayne,Guzman,Male,1924-08-20,Social worker
Whitney,Wang,Male,2020-11-02,Health and safety inspector
Cassie,Moore,Male,1997-03-29,Recruitment consultant
Regina,Carlson,Male,1949-12-11,Brewing technologist
Jason,Downs,Female,1916-05-27,Mudlogger
Jose,Kemp,Female,1980-05-10,Actor
Joy,Meadows,Female,1949-07-22,Intelligence analyst
Renee,Bowen,Male,1997-10-26,Restaurant manager
Julian,Pennington,Female,2006-10-16,English as a second language teacher
Pam,Jennings,Male,1912-10-20,Paediatric nurse
Julie,Mckay,Female,1934-02-02,Sports administrator
Jodi,Pena,Male,1986-12-07,Biomedical scientist
Mason,Compton,Female,2010-12-28,Homeopath
Frederick,Perry,Female,2001-02-18,"Nurse, adult"
Sheena,Crawford,Female,1907-05-18,Ceramics designer
Katelyn,Henderson,Male,1999-09-06,Advertising account planner
Bobby,Patterson,Male,1963-03-25,Town planner
Marvin,Steele,Female,1970-05-22,Ecologist
Katrina,Woods,Female,1923-08-29,"Surveyor, building control"
Rachael,Delgado,Male,1975-02-23,Fashion designer
Alexandra,Ward,Female,1954-11-30,Intelligence analyst
Darlene,Mcdonald,Female,1981-07-03,Curator
Morgan,Luna,Male,1983-06-05,Theme park manager
Vernon,Hancock,Female,1936-11-04,"Development worker, international aid"
Robyn,Richardson,Female,1989-01-02,"Surveyor, minerals"
Vanessa,Fischer,Male,1992-07-04,"Surveyor, commercial/residential"
Heidi,Roman,Male,1944-03-31,Fine artist
Kristen,Brewer,Male,2016-10-13,Social researcher
Jean,Browning,Female,1980-01-11,Personnel officer
Lawrence,Gregory,Male,2013-05-01,Make
Christine,Payne,Male,1913-06-13,Art gallery manager
Barbara,Ramirez,Female,1919-02-06,Ambulance person
Ruben,Hammond,Female,1954-11-10,Freight forwarder
Donald,Nash,Female,1953-08-08,Speech and language therapist
Angelica,Anthony,Female,1943-11-12,Advertising account executive
Claire,Glass,Female,1980-10-24,Race relations officer
Leslie,Curry,Female,1990-11-01,Psychiatrist
Calvin,Thomas,Male,1909-06-06,"Conservation officer, historic buildings"
Makayla,Boyer,Male,1999-11-18,Forensic scientist
Caitlyn,Bass,Male,1910-09-02,Dietitian
Tony,Holmes,Male,1949-07-01,"Engineer, production"
Lydia,Cisneros,Male,1922-12-23,"Editor, film/video"
Debra,Knight,Female,1924-08-22,Actuary
Garrett,Barber,Female,2008-10-08,Purchasing manager
Annette,Grant,Male,2013-05-30,Chartered certified accountant
Todd,Blackburn,Female,1959-07-14,Farm manager
Xavier,Ray,Female,2009-06-05,Freight forwarder
Gilbert,Wilcox,Female,1911-01-18,Historic buildings inspector/conservation officer
Frances,Gilbert,Female,1928-06-26,"Journalist, newspaper"
Eduardo,Whitehead,Female,2014-03-29,Legal executive
Jillian,Valenzuela,Female,1951-02-01,Music therapist
Jenna,Atkins,Female,1927-12-20,Broadcast presenter
Chelsey,Martinez,Male,1994-04-15,Actuary
Ebony,Harmon,Female,1992-10-29,Energy manager
Grace,Underwood,Female,1928-09-27,Electronics engineer
Harry,Conrad,Female,1942-08-02,Neurosurgeon
Rebekah,Koch,Female,1929-08-10,Television production assistant
Jody,Nguyen,Female,1948-08-29,Editorial assistant
Caleb,Erickson,Male,2020-12-29,Medical technical officer
Katie,Gamble,Female,1977-12-11,Television production assistant
Patricia,Lane,Female,1916-11-11,"Education officer, environmental"
Dorothy,Shannon,Male,1937-03-10,Industrial buyer
Dominic,Moran,Male,1952-02-27,Herpetologist
Virginia,Tate,Female,1953-03-31,"Surveyor, mining"
Terrance,Hubbard,Male,2002-03-22,Copy
Paula,Daniels,Male,1915-10-04,Engineering geologist
Steve,Peck,Male,1909-02-11,Physiotherapist
Franklin,Conley,Female,1914-01-12,"Engineer, broadcasting (operations)"
Mary,Aguirre,Male,1991-02-07,Civil Service fast streamer
Krista,Alexander,Female,2016-03-12,Chartered management accountant
Tim,Frey,Female,1956-06-19,Rural practice surveyor
Shane,Mcgrath,Male,1971-06-30,Audiological scientist
Sonya,Nixon,Male,2016-09-13,Visual merchandiser
Diana,Burnett,Male,1942-06-20,"Engineer, biomedical"
Kirk,Stanton,Female,1935-04-22,"Scientist, forensic"
Toni,Kline,Female,2012-05-02,Camera operator
Sonya,Flowers,Female,1943-07-19,"Designer, blown glass/stained glass"
Stuart,Kim,Female,1991-12-17,Naval architect
Margaret,Wang,Male,1939-05-06,Water engineer
Fred,Dennis,Male,2010-01-29,Theatre stage manager
Becky,Jimenez,Male,1999-03-07,"Conservator, museum/gallery"
Mark,Donovan,Female,1914-03-26,Race relations officer
Terri,Brock,Male,1982-02-18,"Engineer, agricultural"
Jorge,Flynn,Male,1984-06-29,Water engineer
Jean,Harding,Male,1975-08-23,Phytotherapist
Laura,Horton,Female,2013-01-17,"Radiographer, therapeutic"
Carlos,Ramos,Male,1957-05-09,Analytical chemist
Norman,Fritz,Male,1999-02-17,"Secretary, company"
Dana,Hayes,Female,1979-07-24,Public relations officer
Jonathon,Holden,Male,1933-09-13,"Designer, jewellery"
David,Garcia,Female,1982-11-21,"Engineer, petroleum"
Javier,Camacho,Male,1914-09-11,"Scientist, biomedical"
Shelley,Barajas,Female,1925-01-27,Licensed conveyancer
Jerry,Mooney,Male,1998-10-26,Mechanical engineer
Gwendolyn,Lane,Female,1984-02-06,Chief Technology Officer
Jon,Soto,Male,1950-06-01,"Scientist, research (physical sciences)"
Melody,Hebert,Male,1988-02-23,"Engineer, water"
Gloria,Allison,Female,1948-06-26,"Doctor, general practice"
Kristi,Orr,Female,1948-04-21,Quality manager
Bethany,Olson,Female,1977-08-23,Retail banker
Holly,Cisneros,Female,1919-04-09,English as a second language teacher
Stuart,Tapia,Male,1941-12-18,"Horticulturist, commercial"
Kaylee,Meyers,Female,1918-07-30,Acupuncturist
Ricardo,Washington,Male,1973-07-12,Computer games developer
Roberto,Frey,Female,1977-06-09,"Loss adjuster, chartered"
Doris,Coleman,Female,1951-06-21,Dramatherapist
Nancy,Reese,Female,1957-08-17,"Surveyor, commercial/residential"
Juan,Pratt,Female,1973-06-07,"Nurse, children's"
Marvin,Li,Female,1969-09-25,Market researcher
Angela,Novak,Female,1929-05-26,Proofreader
Bradley,Miller,Female,1987-08-12,Management consultant
Jaclyn,Duke,Male,2012-01-09,Barrister
Leon,Farrell,Female,1997-01-23,"Development worker, community"
Katrina,Duncan,Male,1977-12-25,"Scientist, research (physical sciences)"
Savannah,Marsh,Female,1909-08-01,Social researcher
Cristian,Hansen,Female,1979-05-27,"Civil engineer, contracting"
Jasmine,Mcdaniel,Female,1928-08-05,Cytogeneticist
Wendy,Ware,Female,1955-11-01,Drilling engineer
Leroy,Ramsey,Male,1990-06-28,Architectural technologist
Natalie,Owens,Male,1912-11-07,Professor Emeritus
Craig,Olson,Female,1936-06-21,Art gallery manager
Patrick,Wallace,Male,1971-08-18,"Engineer, drilling"
Ivan,Newton,Male,1939-07-04,Tax adviser
Cody,Stafford,Female,1907-03-18,Systems analyst
Sonia,Hendricks,Female,2006-04-03,IT technical support officer
Bill,Glass,Female,1960-11-04,"Pilot, airline"
Rebecca,Nolan,Female,2015-06-26,Art therapist
Daniel,Braun,Female,1978-03-17,Database administrator
April,Mcdaniel,Female,1990-04-24,Photographer
Curtis,Saunders,Male,1997-09-12,Forest/woodland manager
Haley,Pineda,Male,1927-08-02,Graphic designer
Brad,Lynch,Male,1971-12-01,"Designer, fashion/clothing"
Ashlee,Snow,Male,1977-09-18,Technical brewer
Malik,Tate,Male,1910-07-08,Therapeutic radiographer
Cristina,Berry,Female,2020-04-28,International aid/development worker
Malik,Bruce,Female,1925-07-26,Animator
Tonya,Barrett,Male,1929-11-22,Soil scientist
Gabrielle,Knox,Female,1997-11-26,"Investment banker, operational"
Darlene,Sheppard,Male,1993-03-14,"Designer, textile"
Dominique,Mendez,Female,2001-11-09,Forensic psychologist
Ronnie,David,Female,1974-11-12,Environmental education officer
Gabriella,Pena,Male,1971-12-30,Chief Strategy Officer
Cindy,Washington,Female,1953-05-05,"Buyer, industrial"
Cristina,Arroyo,Female,1908-09-14,Actuary
Tracie,Trevino,Female,1954-07-15,Fish farm manager
Alyssa,Robles,Female,1924-01-10,Chief Operating Officer
Marco,Shannon,Male,2008-11-02,"Engineer, chemical"
Megan,Chavez,Male,1998-09-06,Paediatric nurse
Francisco,Fox,Female,1909-01-06,"Editor, film/video"
Martha,Lin,Female,1927-09-08,Academic librarian
Sarah,Bautista,Female,1934-12-25,Technical sales engineer
Katie,George,Female,1950-07-10,Archaeologist
Sylvia,Boyer,Male,1953-01-27,Ranger/warden
Whitney,Andrews,Female,1966-01-11,"Journalist, broadcasting"
Michaela,Calhoun,Female,2004-12-27,Toxicologist
Steven,Mata,Male,1986-07-19,Cartographer
Cheryl,May,Female,1982-10-19,Web designer
Yolanda,Wagner,Male,1931-08-18,Health physicist
Christina,Walters,Female,1917-02-11,Commissioning editor
Dustin,Dyer,Female,1943-01-11,Clinical molecular geneticist
Angel,Knox,Female,1985-08-26,Conference centre manager
Jill,Jenkins,Female,1975-09-18,Multimedia specialist
Gail,Skinner,Male,1944-05-11,"Teacher, secondary school"
Suzanne,Hernandez,Female,2021-08-21,"Solicitor, Scotland"
Joanne,Silva,Female,1915-09-04,Marine scientist
Cole,Hancock,Male,1932-12-11,Pensions consultant
Joshua,Phillips,Male,2017-04-23,"Programmer, applications"
Suzanne,Hendrix,Female,1935-01-18,Physiological scientist
Tyler,Morse,Female,1942-02-25,Personnel officer
Debra,Shields,Male,1996-12-31,"Radiographer, therapeutic"
Marie,Dominguez,Male,2010-09-18,Research scientist (medical)
Charles,Griffith,Male,2012-06-17,Cabin crew
Shari,Glenn,Female,1927-07-28,Phytotherapist
Stephen,Callahan,Male,1917-03-07,Energy engineer
Geoffrey,Booth,Male,1921-02-01,Associate Professor
Noah,Owen,Female,1978-03-07,Advice worker
Mariah,Finley,Male,1927-11-20,"Conservation officer, nature"
Angelica,Frazier,Female,1930-01-02,"Engineer, maintenance"
Angel,Davidson,Female,1994-08-17,Licensed conveyancer
Evelyn,Holloway,Male,2011-07-10,Jewellery designer
Luis,Neal,Male,1971-01-18,"Engineer, maintenance"
Karla,Obrien,Male,2015-05-25,Comptroller
Glenn,Schaefer,Female,1971-08-27,Pensions consultant
Julian,Andrade,Male,2000-05-24,Fish farm manager
Willie,Mccall,Female,1967-08-06,Agricultural engineer
Danielle,Sims,Male,1993-12-07,"Engineer, production"
Sally,Carrillo,Female,2004-01-13,Call centre manager
Johnny,Elliott,Male,2009-01-09,"Copywriter, advertising"
Janet,Mckinney,Female,1972-12-20,Ranger/warden
Brendan,Ellison,Female,1994-01-21,"Designer, ceramics/pottery"
Ana,Rivas,Female,1961-07-20,Oceanographer
Emma,Lawson,Male,2018-10-05,Ranger/warden
Heather,Holder,Male,1928-06-20,"Scientist, research (physical sciences)"
Daryl,Knox,Male,2011-01-27,Academic librarian
Johnny,Clarke,Female,1938-09-20,Medical sales representative
Laurie,Blanchard,Male,1984-01-08,Geographical information systems officer
Malik,Stanley,Male,1983-04-11,Nutritional therapist
Mikayla,Chaney,Male,1953-06-30,Metallurgist
Tasha,Ramos,Male,1967-04-28,IT technical support officer
Travis,Krause,Female,1911-03-18,"Development worker, community"
Kathy,Yoder,Female,1945-09-11,Agricultural consultant
Charles,Hubbard,Male,1985-11-14,Trading standards officer
Beth,Moyer,Female,1996-03-26,Gaffer
Joan,Kelly,Female,1929-08-30,Office manager
Don,Pacheco,Female,1979-04-05,"Optician, dispensing"
Madeline,Sellers,Female,1990-05-16,"Conservator, museum/gallery"
Candice,Barber,Male,1968-11-19,Pharmacologist
Angel,Marquez,Female,1949-02-14,Outdoor activities/education manager
Breanna,Mccullough,Female,1936-01-19,Product designer
Cassandra,Adkins,Female,1953-01-21,"Therapist, sports"
Sherry,Holloway,Male,1913-11-18,Environmental manager
Caitlyn,Hubbard,Female,1950-08-17,Location manager
Noah,Lloyd,Male,1931-07-20,Travel agency manager
Vernon,Daugherty,Male,1929-11-18,Financial adviser
Jean,Conway,Male,1972-02-23,Printmaker
Phyllis,Ray,Female,1950-03-23,"Embryologist, clinical"
Wesley,Berger,Female,1980-08-08,Systems developer
Damon,Petersen,Male,1931-01-09,Health visitor
Tyrone,Ponce,Male,1973-09-28,Research scientist (life sciences)
Victor,Ayers,Male,2019-08-30,"Nurse, adult"
Dennis,Hampton,Female,1964-01-04,Consulting civil engineer
Darius,Kerr,Male,1945-12-09,Mental health nurse
Duane,English,Female,1958-05-30,Health visitor
Jon,Kaufman,Female,2012-01-03,Warehouse manager
Roger,Hernandez,Female,1977-08-13,Drilling engineer
James,Atkins,Female,1957-07-15,Arts development officer
Damon,Colon,Male,1995-09-27,"Scientist, research (maths)"
Dorothy,Harvey,Female,2017-09-07,Airline pilot
Derrick,Stanton,Female,2005-01-23,"Teacher, secondary school"
Susan,Clark,Female,1914-04-22,Orthoptist
Lonnie,Reynolds,Male,1961-07-27,Architectural technologist
Joshua,Walker,Female,1937-06-20,"Psychologist, prison and probation services"
Gavin,Banks,Female,1930-01-19,Dentist
Omar,Kent,Male,1953-08-03,Horticultural consultant
Lydia,Obrien,Male,1925-09-18,Systems analyst
Brittney,Trevino,Female,1974-08-22,Illustrator
Greg,Chapman,Female,2006-02-26,Petroleum engineer
Eugene,Love,Female,1956-05-13,Hospital doctor
Beverly,Ball,Male,1995-07-01,Publishing rights manager
Kurt,Bryant,Female,1959-01-05,Personnel officer
Donna,Barry,Female,2001-10-06,Education administrator
Cathy,Mckinney,Female,1918-05-13,Commercial/residential surveyor
Jermaine,Phelps,Male,1971-08-31,Ambulance person
Lee,Tran,Female,1947-01-24,"Nurse, learning disability"
